MAPPER,count,percentage
O,31138,91.50699424003761
PÁGINA_DE_DESAMBIGUAÇÃO_DA_WIKIMEDIA,543,1.5957446808510638
ENTIDADE_TERRITORIAL_ARTIFICIAL,221,0.6494651463500647
CIDADE,126,0.3702832961090866
ÁLBUM,126,0.3702832961090866
GENE,108,0.3173856823792171
UNIDADE_DE_MASSA,76,0.22334548019278241
MUNICÍPIO_DE_PORTUGAL,75,0.22040672387445634
HUMANO,70,0.20571294228282588
ANO,67,0.19689667332784766
FREGUESIA_DE_PORTUGAL,58,0.1704478664629129
CIDADE_GRANDE,57,0.1675091101445868
CIDADE_DOS_ESTADOS_UNIDOS,52,0.1528153285529564
REVISTA,51,0.1498765722346303
PAÍS,50,0.14693781591630423
SEDE_DE_CONDADO,43,0.12636652168802162
MUNICÍPIO_DO_BRASIL,41,0.12048900905136946
APELIDO,37,0.10873398377806512
POVOAMENTO_HUMANO,33,0.09697895850476079
COMPOSIÇÃO_MUSICAL,26,0.0764076642764782
ALDEIA,26,0.0764076642764782
ILHA,25,0.07346890795815211
PROVÍNCIA_DA_REPÚBLICA_POPULAR_DA_CHINA,23,0.06759139532149995
ANO_BISSEXTO,23,0.06759139532149995
ENTRADA_NO_DICIONÁRIO,22,0.06465263900317386
COMUNA_DE_FRANÇA,22,0.06465263900317386
APLICAÇÃO,18,0.05289761372986952
ESTRADA,17,0.049958857411543434
BANDA_MUSICAL,17,0.049958857411543434
PUBLICAÇÃO_PERIÓDICA,17,0.049958857411543434
UNIDADE_DE_TEMPO,16,0.04702010109321735
SER_HUMANO_FICCIONAL,16,0.04702010109321735
GÉNERO_MUSICAL,16,0.04702010109321735
COMUNA_ITALIANA,16,0.04702010109321735
CIDADE_FRONTEIRIÇA,15,0.04408134477489127
ASPECTO_DA_MÚSICA,15,0.04408134477489127
FAMÍLIA_DE_ARMAS,15,0.04408134477489127
SÉRIE_DE_TELEVISÃO,15,0.04408134477489127
REGIÃO_CULTURAL,15,0.04408134477489127
SISTEMA_DE_JANELAS,15,0.04408134477489127
MEGACIDADE,14,0.04114258845656518
RIO,14,0.04114258845656518
UNIDADE_FEDERATIVA_DO_BRASIL,13,0.0382038321382391
IGREJA,13,0.0382038321382391
FILME,13,0.0382038321382391
LÍNGUA,12,0.03526507581991301
COMPANHIA_AÉREA,12,0.03526507581991301
TIPO_DE_DANÇA,11,0.03232631950158693
PAÍS_INSULAR,10,0.029387563183260846
ESTÁTUA,10,0.029387563183260846
PADRÃO_MONETÁRIO,10,0.029387563183260846
PROPRIEDADE_DO_WIKIDATA_PARA_INDICAR_UMA_LOCALIZAÇÃO,9,0.02644880686493476
PROVÍNCIA_DA_TAILÂNDIA,9,0.02644880686493476
GÉNERO_DE_ARTES_CÉNICAS,9,0.02644880686493476
CRATERA_DE_IMPACTO,9,0.02644880686493476
MINISSÉRIE,9,0.02644880686493476
MONTANHA,8,0.023510050546608676
CONCEITO_MUSICAL,8,0.023510050546608676
ESTAMPA,8,0.023510050546608676
MUNICÍPIO_DE_ESPANHA,7,0.02057129422828259
EMPRESA,7,0.02057129422828259
BAIRRO_DO_RIO_DE_JANEIRO,7,0.02057129422828259
MUNICÍPIO_DAS_FILIPINAS,7,0.02057129422828259
HERBÁRIO,7,0.02057129422828259
ORGANIZAÇÃO,7,0.02057129422828259
CIDADE/POVO,6,0.017632537909956506
DEPARTAMENTO_DA_FRANÇA,6,0.017632537909956506
BIBLIOTECA_PYTHON,6,0.017632537909956506
VILA,6,0.017632537909956506
MUNICÍPIO,6,0.017632537909956506
CORDILHEIRA,6,0.017632537909956506
TERMO_TÉCNICO,5,0.014693781591630423
BAIRRO_NO_BRASIL,5,0.014693781591630423
NOME_PRÓPRIO_FEMININO,5,0.014693781591630423
REGIÃO_GEOGRÁFICA,5,0.014693781591630423
SUBDIVISÃO_DE_PORTUGAL,5,0.014693781591630423
BAIRRO,5,0.014693781591630423
LÍNGUA_NATURAL,5,0.014693781591630423
ESTADO_DOS_ESTADOS_UNIDOS,5,0.014693781591630423
SER_HUMANO,5,0.014693781591630423
PINTURA,4,0.011755025273304338
ÁGUA,4,0.011755025273304338
FACÇÃO_POLÍTICA,4,0.011755025273304338
REVISTA_ACADÉMICA,4,0.011755025273304338
PARAGEM_DE_AUTOCARRO,4,0.011755025273304338
ESCULTURA,4,0.011755025273304338
PASSO_DE_MONTANHA,4,0.011755025273304338
SINGLE,4,0.011755025273304338
TIPO_DE_NAVIO,4,0.011755025273304338
TIPO_DE_EDIFICIO,4,0.011755025273304338
NOME_PRÓPRIO_MASCULINO,4,0.011755025273304338
EDIFÍCIO,4,0.011755025273304338
SAVANA,4,0.011755025273304338
MUSEU,4,0.011755025273304338
TÁXON,4,0.011755025273304338
TAMBON,4,0.011755025273304338
MARCA_COMERCIAL,4,0.011755025273304338
EDITORA_DISCOGRÁFICA,3,0.008816268954978253
HOTEL,3,0.008816268954978253
MÊS_DO_CALENDÁRIO,3,0.008816268954978253
JOGO_ELETRÓNICO,3,0.008816268954978253
EMPRESA_DE_CAPITAL_ABERTO,3,0.008816268954978253
CENTRO_FINANCEIRO,3,0.008816268954978253
GRUPO_ÉTNICO,3,0.008816268954978253
CATEDRAL,3,0.008816268954978253
AEROPORTO,3,0.008816268954978253
CIDADE-ESTADO,3,0.008816268954978253
FESTIVAL_DE_MÚSICA,3,0.008816268954978253
MUNICÍPIOS_DA_REPÚBLICA_POPULAR_DA_CHINA,3,0.008816268954978253
UNIDADE_DE_COMPRIMENTO,3,0.008816268954978253
PATRIMÓNIO_CULTURAL,3,0.008816268954978253
FENÔMENO_ASTRONÔMICO,3,0.008816268954978253
GÍRIA,3,0.008816268954978253
PROGRAMA_DE_TELEVISÃO,3,0.008816268954978253
REGIÃO_AUTÓNOMA_DA_CHINA,3,0.008816268954978253
AEROPORTO_INTERNACIONAL,3,0.008816268954978253
REFINARIA,3,0.008816268954978253
PREFIXO,3,0.008816268954978253
BUSTO,3,0.008816268954978253
UNIVERSIDADE,3,0.008816268954978253
UNIDADE_DE_PRESSÃO,3,0.008816268954978253
QUESTÕES_SOCIAIS,3,0.008816268954978253
SATÉLITE_REGULAR,3,0.008816268954978253
VÉRTICE_GEODÉSICO,3,0.008816268954978253
EMPRESA_FERROVIÁRIA,3,0.008816268954978253
ÁREA_DE_TRABALHO,2,0.005877512636652169
GÉNERO_CINEMATOGRÁFICO,2,0.005877512636652169
METRÓPOLE,2,0.005877512636652169
MOEDA_OBSOLETA,2,0.005877512636652169
FRUTA,2,0.005877512636652169
RUM,2,0.005877512636652169
EMPÓRIO,2,0.005877512636652169
PROCESSO_BIOLÓGICO,2,0.005877512636652169
MONUMENTO,2,0.005877512636652169
GIRL_GROUP,2,0.005877512636652169
FERIADO_BANCÁRIO,2,0.005877512636652169
POEMA,2,0.005877512636652169
VIA_DE_COMUNICAÇÃO,2,0.005877512636652169
MARCA_DE_CIGARROS,2,0.005877512636652169
CLASSE_DE_ORGANISMOS_CONHECIDO_POR_UM_NOME_COMUM_EM_PARTICULAR,2,0.005877512636652169
RIBEIRO,2,0.005877512636652169
EPISÓDIO_DE_SÉRIE_DE_TELEVISÃO,2,0.005877512636652169
PREPOSIÇÃO,2,0.005877512636652169
LETRA,2,0.005877512636652169
MODELO_DE_AUTOMÓVEL,2,0.005877512636652169
UNIDADE_DE_ÁREA,2,0.005877512636652169
ESTADOS_FÍSICOS_DA_MATÉRIA,2,0.005877512636652169
JOGO_DE_HABILIDADE,2,0.005877512636652169
NOTAÇÃO_MUSICAL,2,0.005877512636652169
REDE_DE_COMPUTADORES,2,0.005877512636652169
MUNICÍPIO_URBANO_NA_ALEMANHA,2,0.005877512636652169
COMUNAS_DO_MALI,2,0.005877512636652169
TERMO,2,0.005877512636652169
RAMO_DA_ECONOMIA,2,0.005877512636652169
DESA,2,0.005877512636652169
SATÉLITE_DE_URANO,2,0.005877512636652169
PERSONAGEM_DE_QUADRINHOS,2,0.005877512636652169
CONSTELAÇÃO,2,0.005877512636652169
FILME_DE_ANIME,2,0.005877512636652169
COMUNAS_DO_NÍGER,2,0.005877512636652169
NAVIO,2,0.005877512636652169
SERVIÇO_DE_COMBOIO_DE_PASSAGEIROS,2,0.005877512636652169
CONCEITO_FILOSÓFICO,2,0.005877512636652169
ENSINO_FUNDAMENTAL_II,2,0.005877512636652169
EMPRESA_DE_AUTOCARROS,2,0.005877512636652169
EMPREGO,2,0.005877512636652169
CAPITAL_NACIONAL,2,0.005877512636652169
ESTAÇÃO_DE_METROPOLITANO,2,0.005877512636652169
OBJETO_GEOGRÁFICO,2,0.005877512636652169
MARCA,2,0.005877512636652169
ROMANCE_GRÁFICO,2,0.005877512636652169
PATRIMÓNIO_HISTÓRICO,2,0.005877512636652169
REGIÃO_CENSITÁRIA,2,0.005877512636652169
CÍRCULO_ELEITORAL,2,0.005877512636652169
GÉNERO_LITERÁRIO,2,0.005877512636652169
SINAIS_E_SINTOMAS,1,0.0029387563183260845
CIDADE_ALTAMENTE_URBANIZADA,1,0.0029387563183260845
EMPRESA_TRADICIONAL,1,0.0029387563183260845
TERMO_DA_CIÊNCIA_DE_COMPUTADORES,1,0.0029387563183260845
RUA,1,0.0029387563183260845
REVISTA_DE_MANGÁ,1,0.0029387563183260845
COLINA,1,0.0029387563183260845
PREFEITURA_COM_NÍVEL_DE_CIDADE,1,0.0029387563183260845
PROFETAS_DO_ISLÃO,1,0.0029387563183260845
PORTO,1,0.0029387563183260845
CIDADE_GLOBAL,1,0.0029387563183260845
COMPUTADOR_ÚNICO,1,0.0029387563183260845
PROVÍNCIA_DAS_FILIPINAS,1,0.0029387563183260845
ALDEOTA,1,0.0029387563183260845
RUÍNA,1,0.0029387563183260845
DIVINDADE_ROMANA,1,0.0029387563183260845
VULCÃO,1,0.0029387563183260845
TIPO_DE_ENTIDADE_QUÍMICA,1,0.0029387563183260845
UTILITÁRIO_PADRÃO_DO_UNIX,1,0.0029387563183260845
ÁREA_DE_VEGETAÇÃO,1,0.0029387563183260845
ESCOLA_LITERÁRIA,1,0.0029387563183260845
DISTRITO,1,0.0029387563183260845
MINA,1,0.0029387563183260845
OBRA_DE_ARTE,1,0.0029387563183260845
LOCALIDADE,1,0.0029387563183260845
OBRA_LITERÁRIA,1,0.0029387563183260845
REVISTA_CIENTÍFICA,1,0.0029387563183260845
MAMÍFERO_EM_CATIVEIRO,1,0.0029387563183260845
NAVIO_PESQUEIRO,1,0.0029387563183260845
CANHONEIRA,1,0.0029387563183260845
TERRITÓRIO_BRITÂNICO_ULTRAMARINO,1,0.0029387563183260845
CIDADE_DO_CHILE,1,0.0029387563183260845
PERSONAGEM_MODELO,1,0.0029387563183260845
SATÉLITE_IRREGULAR,1,0.0029387563183260845
BARRAGEM,1,0.0029387563183260845
DESASTRE_NATURAL,1,0.0029387563183260845
CARTÃO-POSTAL,1,0.0029387563183260845
ITEM_DE_HIGIENE_PESSOAL,1,0.0029387563183260845
MAHALLE,1,0.0029387563183260845
DEZ_CIDADES-REINO_DE_CHIPRE,1,0.0029387563183260845
CONCEITO_DAS_CIÊNCIAS_SOCIAIS,1,0.0029387563183260845
SÍTIO_DE_IMPORTÂNCIA_COMUNITÁRIA,1,0.0029387563183260845
FILME_DE_ANIMAÇÃO,1,0.0029387563183260845
CIDADE_ROMANA,1,0.0029387563183260845
MUNICÍPIO_DA_CATALUNHA,1,0.0029387563183260845
BAIRRO_DE_SÃO_PAULO,1,0.0029387563183260845
COMUNA_NO_CHILE,1,0.0029387563183260845
OCUPAÇÃO,1,0.0029387563183260845
COMUNA_DA_BÉLGICA,1,0.0029387563183260845
ESTEREÓTIPO,1,0.0029387563183260845
QUALIDADE,1,0.0029387563183260845
MUNICÍPIO_DE_ANGOLA,1,0.0029387563183260845
CONCEITO,1,0.0029387563183260845
PARÓQUIA_DE_ANDORRA,1,0.0029387563183260845
ATIVIDADE,1,0.0029387563183260845
ESTAÇÃO_FERROVIÁRIA,1,0.0029387563183260845
TIPO_DE_MADEIRA,1,0.0029387563183260845
PRATO,1,0.0029387563183260845
PROVÍNCIA_DA_GUINÉ_EQUATORIAL,1,0.0029387563183260845
GRUPO_FICTÍCIO_DE_PERSONAGENS,1,0.0029387563183260845
TEMA_ARTÍSTICO,1,0.0029387563183260845
DISTRITO_MUNICIPAL_DO_BRASIL,1,0.0029387563183260845
ZONA_DE_PROTECÇÃO_ESPECIAL,1,0.0029387563183260845
SERVIÇO,1,0.0029387563183260845
TIPO_DE_OBRA_OU_COMPOSIÇÃO_MUSICAL,1,0.0029387563183260845
MOVIMENTO_ARTÍSTICO,1,0.0029387563183260845
TRANSPORTE_HECTOMÉTRICO,1,0.0029387563183260845
LAGO,1,0.0029387563183260845
ESTADO_SOBERANO,1,0.0029387563183260845
EQUIPA_DE_BASEBOL,1,0.0029387563183260845
TIPO_DE_COMIDA_OU_PRATO,1,0.0029387563183260845
COMUNIDADE_NÃO_INCORPORADA,1,0.0029387563183260845
CASA_DE_CÂMBIO,1,0.0029387563183260845
JORNAL,1,0.0029387563183260845
MICRORREGIÃO_DO_BRASIL,1,0.0029387563183260845
ESTRATÉGIA,1,0.0029387563183260845
ALIMENTO,1,0.0029387563183260845
CLASSE_ESTRUTURAL_DE_ENTIDADES_QUÍMICAS,1,0.0029387563183260845
FOGUETE_DE_SONDAGEM,1,0.0029387563183260845
CIDADE_DO_JAPÃO,1,0.0029387563183260845
RAÇA_DE_GATO,1,0.0029387563183260845
CIDADE_COM_MAIS_DE_1_MILHÃO_DE_HABITANTES,1,0.0029387563183260845
ORGANIZAÇÃO_TERRITORIAL_ADMINISTRATIVA_DA_RÚSSIA,1,0.0029387563183260845
FAMÍLIA_LINGUÍSTICA,1,0.0029387563183260845
BIOMA,1,0.0029387563183260845
MODALIDADE_DE_DESPORTO,1,0.0029387563183260845
ESTRELA_VARIÁVEL,1,0.0029387563183260845
DEUS,1,0.0029387563183260845
MUNICÍPIO_DA_GALIZA,1,0.0029387563183260845
MUNICÍPIO_DE_HONDURAS,1,0.0029387563183260845
